title,slug,content,excerpt,featured_image_url,author_name,published_date,status,tags,meta_title,meta_description,id,created_date,updated_date,created_by_id,is_sample
"A Beginner's Guide to Weight Loss Injections in the UK","beginners-guide-to-weight-loss-injections","## Introduction to GLP-1 Medications

Weight loss injections, primarily known as GLP-1 receptor agonists, are transforming weight management. Medications like **Wegovy** (Semaglutide) and **Mounjaro** (Tirzepatide) work by mimicking the hormones that regulate your appetite, making you feel fuller for longer and reducing your overall calorie intake. This guide will walk you through the basics.

### How Do They Work?

1.  **Appetite Suppression:** They signal to your brain that you are full.
2.  **Slowed Digestion:** They slow down the rate at which your stomach empties, prolonging the feeling of satiety.
3.  **Blood Sugar Control:** They also help regulate blood sugar levels, which can reduce cravings.

Finding a regulated provider is the most crucial step. Our directory lists CQC-regulated clinics and GPHC-registered pharmacies to ensure you receive safe and professional care.","New to weight loss injections? This guide covers the basics of how medications like Wegovy and Mounjaro work and why finding a regulated UK provider is essential for your safety.","https://images.unsplash.com/photo-1576091160550-2173dba999ef?q=80&w=2070&auto=format&fit=crop","Dr. Sarah Adams","2024-05-10","published","[""Beginner's Guide"",""Wegovy"",""Mounjaro"",""Safety""]","UK Guide to Weight Loss Injections | Wegovy & Mounjaro","Learn how weight loss injections like Wegovy and Mounjaro work. Our beginner's guide explains the science, benefits, and how to find a safe provider in the UK.","688bfb603baf470011da0a25","2025-07-31T23:25:20.337000","2025-07-31T23:25:20.337000","6886aa4a7118eb838f680beb",""
"Wegovy vs. Mounjaro: Which Weight Loss Injection is Right for You?","wegovy-vs-mounjaro-comparison","## Comparing the Leading Weight Loss Injections

The two biggest names in the weight loss injection market are **Wegovy** and **Mounjaro**. While both are highly effective, they have key differences.

### Wegovy (Semaglutide)
*   **Mechanism:** A GLP-1 receptor agonist.
*   **Frequency:** Once-weekly injection.
*   **Approval:** Fully approved in the UK by the MHRA for weight management.

### Mounjaro (Tirzepatide)
*   **Mechanism:** A dual GLP-1 and GIP receptor agonist, which some studies suggest can lead to greater weight loss.
*   **Frequency:** Once-weekly injection.
*   **Approval:** Also approved in the UK for weight management.

**Conclusion:** The best choice depends on your individual health profile, doctor's recommendation, and how your body responds. Use our directory to find providers who offer consultations to discuss both options.","A head-to-head comparison of Wegovy and Mounjaro. Understand the differences in their mechanisms, effectiveness, and what to consider when choosing a treatment.","https://images.unsplash.com/photo-1605152276813-58537a740798?q=80&w=2070&auto=format&fit=crop","Alex Richards, R.N.","2024-05-15","published","[""Comparison"",""Wegovy"",""Mounjaro"",""Treatment Options""]","Wegovy vs. Mounjaro | Compare UK Weight Loss Injections","Detailed comparison of Wegovy (Semaglutide) and Mounjaro (Tirzepatide). Find out which UK-approved weight loss injection might be the right choice for you.","688bfb603baf470011da0a26","2025-07-31T23:25:20.337000","2025-07-31T23:25:20.337000","6886aa4a7118eb838f680beb",""
"Mounjaro vs Wegovy: The Real Talk Guide for UK Women Ready to Change Their Lives","mounjaro-vs-wegovy-real-talk-guide-uk-women","## You're Not Alone in This Struggle

If you're reading this, chances are you've tried everything. The 5:2 diet, slimming clubs, counting steps, cutting carbs – and here you are, still feeling frustrated with your weight. Sound familiar?

You're absolutely not alone. Thousands of women across the UK are discovering that sometimes our bodies need more than willpower and good intentions. That's where Mounjaro and Wegovy come in – two game-changing weight loss treatments that are helping women finally break through the barriers that traditional dieting couldn't touch.

But which one is right for you? Let's have an honest conversation about both.

## What Are These Treatments Actually Like?

Forget everything you think you know about ""diet pills."" Mounjaro and Wegovy are prescription weight loss injections that work with your body's natural systems, not against them.

Think of it this way: you know that constant battle with hunger and cravings? These treatments help quiet that noise. They're like having a helpful assistant that:

*   Naturally reduces your appetite (without feeling deprived)
*   Helps you feel satisfied with normal portions
*   Keeps you feeling fuller for longer
*   Takes the edge off those overwhelming food cravings

Many women describe it as finally feeling ""normal"" around food for the first time in years.

## Are These Right for Someone Like You?

These treatments work best for women who:

*   Have struggled with their weight despite genuine efforts
*   Have a BMI that puts them in the overweight or obese category
*   Are dealing with weight-related health concerns (like diabetes or high blood pressure)
*   Feel ready to commit to a proper weight loss programme
*   Want medical support alongside lifestyle changes

Important to know: These aren't quick fixes or shortcuts. They're medical treatments that work best when you're also making healthy changes to how you eat and move.

## What Makes Each One Different?

While both treatments help with weight loss, they have their own personalities:

*   Wegovy has been around a bit longer and has loads of research backing it up. Many women find it straightforward and effective.
*   Mounjaro is newer and some studies suggest it might lead to slightly more weight loss. It was originally developed for diabetes but has shown impressive results for weight management.

Your GP or weight loss specialist will help you understand which might suit your specific situation better.

## The Reality Check: What to Expect

**The Good News:**

*   Many women see meaningful weight loss within the first few months
*   You'll likely find it easier to stick to healthy eating
*   Food obsession often becomes much more manageable
*   Energy levels typically improve as weight comes off

**The Real Talk:**

*   Side effects can happen (usually nausea, especially at the start)
*   They're expensive if you're paying privately
*   NHS availability is limited and has specific criteria
*   You'll need regular check-ups with your healthcare provider

## What Do They Cost?

For those going the private route, here are typical UK prices (includes prescription, delivery, sharpsguard, and needles):

| Medication        | Dosage         | Price (Private) |
|-------------------|----------------|-----------------|
| Mounjaro          | 2.5mg–5mg      | ~£115           |
| Mounjaro          | 7.5mg–10mg     | ~£133.75        |
| Mounjaro          | 12.5mg–15mg    | ~£152.50        |
| Wegovy / Ozempic  | 0.25mg–1mg     | ~£91.56         |
| Saxenda           | 6mg            | ~£245.25        |


## Getting Started: Your Next Steps

Step one is always talking to a healthcare professional who understands weight loss treatments. They'll look at:

*   Your medical history and current health
*   How much weight you want to lose
*   Which treatment might work best for your body
*   Whether you meet the criteria for NHS treatment or need to go private
*   What side effects you might experience

## The Truth About Success

Here's what successful women often say: it's not magic, but it feels like getting your life back. When you're not constantly thinking about food or fighting cravings, you can focus on building healthy habits that actually stick.

Women who do best are those who:

*   Work with their healthcare team throughout the process
*   Use the ""mental space"" these treatments provide to build better habits
*   Stay realistic about timelines and expectations
*   Don't treat it as a temporary fix but as part of a longer-term approach to health

## Your Journey Starts with One Conversation

If you're tired of the endless cycle of trying and failing with diets, these treatments might be worth exploring. The most important thing is finding out if either could be right for your specific situation.

Whether you're considering the NHS route or looking at private options, the first step is having an honest conversation with a healthcare provider who understands weight loss medicine. They can help you understand what's realistic, what's available, and what might actually work for someone in your exact situation.

You deserve to feel confident and healthy in your own body. Sometimes that means getting the right kind of help – and there's absolutely nothing wrong with that.

**✨ Ready to take the next step?**

Use our directory to find trusted weight loss injection providers. We've carefully vetted injection providers across the UK who understand these treatments and can help you explore whether Mounjaro or Wegovy could be the breakthrough you've been looking for. Your transformation journey starts with finding the right provider – search our directory today.","If you're reading this, chances are you've tried everything. You're absolutely not alone. Thousands of women across the UK are discovering that sometimes our bodies need more than willpower and good intentions. That's where Mounjaro and Wegovy come in – two game-changing weight loss treatments that are helping women finally break through the barriers that traditional dieting couldn't touch.","https://images.unsplash.com/photo-1512485800893-b08ec1ea59b1?q=80&w=2070&auto=format&fit=crop","WeightLoss Finder UK","2024-05-21","published","[""Mounjaro"",""Wegovy"",""Weight Loss"",""Guide"",""UK""]","Mounjaro vs Wegovy: A Real-Talk Guide for UK Women","Compare Mounjaro vs Wegovy for weight loss in UK women. Discover benefits, costs, side effects, and find trusted private providers with our expert real-talk guide.","688c977849853a29f58b3e95","2025-08-01T10:31:20.963000","2025-08-01T10:31:20.963000","6886aa4a7118eb838f680beb",""
"Mounjaro vs Wegovy: The Real Talk Guide for UK Women Ready to Change Their Lives","mounjaro-vs-wegovy-real-talk-guide-uk-women","<p>## You're Not Alone in This Struggle If you're reading this, chances are you've tried everything. The 5:2 diet, slimming clubs, counting steps, cutting carbs – and here you are, still feeling frustrated with your weight. Sound familiar? You're absolutely not alone. Thousands of women across the UK are discovering that sometimes our bodies need more than willpower and good intentions. That's where Mounjaro and Wegovy come in – two game-changing weight loss treatments that are helping women finally break through the barriers that traditional dieting couldn't touch. But which one is right for you? Let's have an honest conversation about both. ## What Are These Treatments Actually Like? Forget everything you think you know about ""diet pills."" Mounjaro and Wegovy are prescription weight loss injections that work with your body's natural systems, not against them. Think of it this way: you know that constant battle with hunger and cravings? These treatments help quiet that noise. They're like having a helpful assistant that: * Naturally reduces your appetite (without feeling deprived) * Helps you feel satisfied with normal portions * Keeps you feeling fuller for longer * Takes the edge off those overwhelming food cravings Many women describe it as finally feeling ""normal"" around food for the first time in years. ## Are These Right for Someone Like You? These treatments work best for women who: * Have struggled with their weight despite genuine efforts * Have a BMI that puts them in the overweight or obese category * Are dealing with weight-related health concerns (like diabetes or high blood pressure) * Feel ready to commit to a proper weight loss programme * Want medical support alongside lifestyle changes Important to know: These aren't quick fixes or shortcuts. They're medical treatments that work best when you're also making healthy changes to how you eat and move. ## What Makes Each One Different? While both treatments help with weight loss, they have their own personalities: * Wegovy has been around a bit longer and has loads of research backing it up. Many women find it straightforward and effective. * Mounjaro is newer and some studies suggest it might lead to slightly more weight loss. It was originally developed for diabetes but has shown impressive results for weight management. Your GP or weight loss specialist will help you understand which might suit your specific situation better. ## The Reality Check: What to Expect **The Good News:** * Many women see meaningful weight loss within the first few months * You'll likely find it easier to stick to healthy eating * Food obsession often becomes much more manageable * Energy levels typically improve as weight comes off **The Real Talk:** * Side effects can happen (usually nausea, especially at the start) * They're expensive if you're paying privately * NHS availability is limited and has specific criteria * You'll need regular check-ups with your healthcare provider ## What Do They Cost? For those going the private route, here are typical UK prices (includes prescription, delivery, sharpsguard, and needles): | Medication | Dosage | Price (Private) | |-------------------|----------------|-----------------| | Mounjaro | 2.5mg–5mg | ~£115 | | Mounjaro | 7.5mg–10mg | ~£133.75 | | Mounjaro | 12.5mg–15mg | ~£152.50 | | Wegovy / Ozempic | 0.25mg–1mg | ~£91.56 | | Saxenda | 6mg | ~£245.25 | ## Getting Started: Your Next Steps Step one is always talking to a healthcare professional who understands weight loss treatments. They'll look at: * Your medical history and current health * How much weight you want to lose * Which treatment might work best for your body * Whether you meet the criteria for NHS treatment or need to go private * What side effects you might experience ## The Truth About Success Here's what successful women often say: it's not magic, but it feels like getting your life back. When you're not constantly thinking about food or fighting cravings, you can focus on building healthy habits that actually stick. Women who do best are those who: * Work with their healthcare team throughout the process * Use the ""mental space"" these treatments provide to build better habits * Stay realistic about timelines and expectations * Don't treat it as a temporary fix but as part of a longer-term approach to health ## Your Journey Starts with One Conversation If you're tired of the endless cycle of trying and failing with diets, these treatments might be worth exploring. The most important thing is finding out if either could be right for your specific situation. Whether you're considering the NHS route or looking at private options, the first step is having an honest conversation with a healthcare provider who understands weight loss medicine. They can help you understand what's realistic, what's available, and what might actually work for someone in your exact situation. You deserve to feel confident and healthy in your own body. Sometimes that means getting the right kind of help – and there's absolutely nothing wrong with that. **✨ Ready to take the next step?** Use our directory to find trusted weight loss injection providers. We've carefully vetted injection providers across the UK who understand these treatments and can help you explore whether Mounjaro or Wegovy could be the breakthrough you've been looking for. Your transformation journey starts with finding the right provider – search our directory today.</p>","If you're reading this, chances are you've tried everything. You're absolutely not alone. Thousands of women across the UK are discovering that sometimes our bodies need more than willpower and good intentions. That's where Mounjaro and Wegovy come in – two game-changing weight loss treatments that are helping women finally break through the barriers that traditional dieting couldn't touch.","https://qtrypzzcjebvfcihiynt.supabase.co/storage/v1/object/public/base44-prod/public/d4390a1a7_ChatGPTImageAug1202507_24_52AM.png","WeightLoss Finder UK","2025-07-07","published","[""Mounjaro"",""Wegovy"",""Weight Loss"",""Guide"",""UK""]","Mounjaro vs Wegovy: A Real-Talk Guide for UK Women","Compare Mounjaro vs Wegovy for weight loss in UK women. Discover benefits, costs, side effects, and find trusted private providers with our expert real-talk guide.","688ca852f9a76b56e24b0ead","2025-08-01T11:43:14.634000","2025-08-02T22:35:49.139000","6886aa4a7118eb838f680beb",""
"The Ultimate Guide to Weight Loss Injections in the UK: Mounjaro vs Wegovy vs Saxenda","uk-weight-loss-injections-mounjaro-wegovy-saxenda","<h3><br></h3><h1>The Ultimate Guide to Weight Loss Injections in the UK: Mounjaro vs Wegovy vs Saxenda Comparison</h1><p>If you're searching for&nbsp;<strong>weight loss injections UK</strong>&nbsp;or wondering which&nbsp;<strong>slimming injection</strong>&nbsp;is right for you, this comprehensive guide compares the top&nbsp;<strong>GLP-1 weight loss treatments</strong>&nbsp;available through both&nbsp;<strong>NHS</strong>&nbsp;and private prescription in 2025.</p><h2><strong>Weight Loss Injections Overview: Your Options in the UK</strong></h2><p>The UK's&nbsp;<strong>weight loss injection</strong>&nbsp;market has expanded significantly, with three primary&nbsp;<strong>GLP-1 agonist UK</strong>&nbsp;medications now available:&nbsp;<strong>Mounjaro (tirzepatide)</strong>,&nbsp;<strong>Wegovy (semaglutide)</strong>, and&nbsp;<strong>Saxenda (liraglutide)</strong>. These&nbsp;<strong>injection to lose weight</strong>&nbsp;treatments have revolutionised obesity management, offering clinically proven alternatives for individuals who haven't achieved success with traditional diet and exercise approaches[1][2].</p><h3><strong>What Makes These Slimming Injections Work?</strong></h3><p>All&nbsp;<strong>weight loss injections</strong>&nbsp;work by mimicking natural hormones in your digestive system.&nbsp;<strong>GLP-1 weight loss treatment</strong>&nbsp;medications suppress appetite and slow gastric emptying, making you feel fuller for longer periods[1][2].&nbsp;<strong>Mounjaro</strong>&nbsp;goes further as a&nbsp;<strong>dual GLP-1 and GIP receptor agonist</strong>, targeting two hormone pathways for enhanced effectiveness[1][3].</p><h2><strong>Mounjaro Weight Loss UK: The Most Effective Option</strong></h2><h3><strong>Buy Mounjaro UK: Availability and Access</strong></h3><p><strong>Mounjaro weight loss UK</strong>&nbsp;patients can now access this&nbsp;<strong>weekly weight loss injection</strong>&nbsp;through both NHS and private prescription services. The&nbsp;<strong>mounjaro slimming jab</strong>&nbsp;has shown superior results compared to other&nbsp;<strong>GLP-1 injection UK</strong>&nbsp;options, achieving up to&nbsp;<strong>22.5% weight loss</strong>&nbsp;in clinical trials[1][3].</p><p><strong>Where to Buy Mounjaro UK:</strong></p><ul><li><strong>Boots weight loss injection</strong>&nbsp;services</li><li><strong>Asda weight loss injections</strong>&nbsp;online doctor</li><li><strong>Superdrug weight loss injection</strong>&nbsp;with&nbsp;<strong>30% off for new patients</strong>[4]</li><li>Multiple online pharmacies with&nbsp;<strong>mounjaro discount code UK</strong>&nbsp;offers</li></ul><h3><strong>Mounjaro Dose Schedule and Administration</strong></h3><p>The&nbsp;<strong>mounjaro dose schedule</strong>&nbsp;follows a gradual escalation:</p><ul><li>Starting dose:&nbsp;<strong>2.5mg weekly</strong></li><li>Maximum dose:&nbsp;<strong>15mg weekly</strong></li><li>Increases every 4 weeks during titration[1]</li></ul><p><strong>How to use</strong>&nbsp;this&nbsp;<strong>weekly weight loss injection</strong>: Inject subcutaneously in the thigh, stomach, or upper arm using the pre-filled pen[5].</p><h3><strong>Mounjaro vs Wegovy: Head-to-Head Comparison</strong></h3><p>Direct comparison studies show&nbsp;<strong>Mounjaro</strong>&nbsp;significantly outperforms&nbsp;<strong>Wegovy</strong>:</p><ul><li><strong>Mounjaro</strong>: 20.2% average weight loss over 3 years</li><li><strong>Wegovy</strong>: 13.7% average weight loss over 3 years[6]</li></ul><h3><strong>Mounjaro on NHS: Eligibility and Rollout</strong></h3><p>The&nbsp;<strong>NHS weight loss jab</strong>&nbsp;rollout began in June 2025, with&nbsp;<strong>Mounjaro on NHS</strong>&nbsp;available for patients meeting strict criteria:</p><ul><li><strong>BMI requirement for Mounjaro UK</strong>: 40+ (37.5+ for ethnic minorities)</li><li>Must have 4 out of 5 weight-related conditions[7][8]</li></ul><p><strong>Mounjaro NHS</strong>&nbsp;prescription costs just&nbsp;<strong>£9.90</strong>&nbsp;per month for eligible patients[7].</p><h2><strong>Wegovy Weight Loss UK: The Established Choice</strong></h2><h3><strong>Buy Wegovy UK: Proven Track Record</strong></h3><p><strong>Wegovy weight loss UK</strong>&nbsp;availability began in September 2023, making it more established than&nbsp;<strong>Mounjaro</strong>. This&nbsp;<strong>semaglutide weight loss injection</strong>&nbsp;offers:</p><ul><li>Up to&nbsp;<strong>15-17% weight loss</strong>&nbsp;over 68 weeks[2]</li><li><strong>Wegovy online doctor UK</strong>&nbsp;consultations available</li><li><strong>Once weekly</strong>&nbsp;injection convenience</li></ul><h3><strong>Wegovy on NHS: Current Availability</strong></h3><p><strong>Wegovy on NHS</strong>&nbsp;requires referral to specialist weight management services with these criteria:</p><ul><li><strong>BMI 35+</strong>&nbsp;with weight-related conditions</li><li><strong>BMI 30-34.9</strong>&nbsp;in exceptional circumstances[9][7]</li></ul><h3><strong>Wegovy Side Effects UK and Management</strong></h3><p><strong>Wegovy side effects</strong>&nbsp;are generally manageable with proper guidance:</p><ul><li>Nausea (30-40% of patients)</li><li>Vomiting (15-25%)</li><li>Digestive issues (15-20%)[1][2]</li></ul><p><strong>Managing wegovy side effects</strong>: Start with small meals, stay hydrated, and follow your&nbsp;<strong>wegovy injection pen tutorial</strong>&nbsp;carefully[5][10].</p><h2><strong>Saxenda Weight Loss Injection: The Daily Option</strong></h2><h3><strong>Buy Saxenda UK: The Original GLP-1</strong></h3><p><strong>Saxenda weight loss injection</strong>&nbsp;was the first&nbsp;<strong>GLP-1 for weight loss UK</strong>&nbsp;approved medication, requiring&nbsp;<strong>daily slimming injection saxenda</strong>&nbsp;administration:</p><ul><li>Up to&nbsp;<strong>8% weight loss</strong>&nbsp;over 56 weeks[1][2]</li><li><strong>Daily weight loss injection</strong>&nbsp;allows flexible dosing</li><li>Established safety profile since 2017</li></ul><h3><strong>How to Use Saxenda: Administration Guide</strong></h3><p>Unlike&nbsp;<strong>weekly weight loss injection</strong>&nbsp;options,&nbsp;<strong>Saxenda</strong>&nbsp;requires daily commitment:</p><ul><li>Starting dose:&nbsp;<strong>0.6mg daily</strong></li><li>Maximum dose:&nbsp;<strong>3.0mg daily</strong></li><li>Gradual weekly dose increases[1]</li></ul><h2><strong>Cost Comparison: Cheapest Weight Loss Injection UK</strong></h2><p>Finding the&nbsp;<strong>cheapest weight loss injection UK</strong>&nbsp;requires comparing multiple providers.</p><p>MedicationMonthly Private Cost (2025 Est.)Notes<strong>Mounjaro</strong>£129 - £189Often has discount codes available.<strong>Wegovy</strong>£149 - £249Widely available, competitive pricing.<strong>Saxenda</strong>£225 - £375Generally the most expensive option.</p><p><em>Note: Prices are estimates and can vary by provider and dosage. [11][12]</em></p><h3><strong>Boots Weight Loss Injection Pricing</strong></h3><p><strong>Boots mounjaro prescription</strong>&nbsp;services start from&nbsp;<strong>£179</strong>, offering a trusted high-street option for&nbsp;<strong>weight loss pens UK</strong>.</p><h2><strong>Conclusion: Which Slimming Injection is Right for You?</strong></h2><ul><li><strong>For Maximum Effectiveness</strong>:&nbsp;<strong>Mounjaro</strong>&nbsp;is the clear leader based on clinical trial data[3][6].</li><li><strong>For a Proven Weekly Option</strong>:&nbsp;<strong>Wegovy</strong>&nbsp;has a longer track record in the UK market.</li><li><strong>For a Daily, Flexible Dose</strong>:&nbsp;<strong>Saxenda</strong>&nbsp;offers an alternative for those who prefer daily administration.</li></ul><p>Ultimately, the best&nbsp;<strong>injection to lose weight</strong>&nbsp;depends on your individual health profile, budget, and preference.&nbsp;<strong>Consult with a qualified healthcare provider</strong>&nbsp;to determine your eligibility and discuss the most suitable treatment plan.</p><h2><strong>At-a-Glance Comparison Table</strong></h2><h3>FeatureMounjaro (Tirzepatide)Wegovy (Semaglutide)Saxenda (Liraglutide)<strong>DosingWeeklyWeeklyDailyAverage Weight Loss~22.5%~15-17%~8%Mechanism</strong>Dual GLP-1/GIP AgonistGLP-1 AgonistGLP-1 Agonist<strong>NHS Availability</strong>Yes (stricter criteria)Yes (standard criteria)Limited (older criteria)<strong>Private Cost£</strong>&nbsp;(Lowest)<strong>££</strong>&nbsp;(Mid-range)<strong>£££</strong>&nbsp;(Highest)<strong>References</strong></h3><p>[1] NICE (National Institute for Health and Care Excellence). Technology appraisal guidance documents for Tirzepatide, Semaglutide, and Liraglutide. [2] Wilding, J. P. H., et al. (2021). Once-Weekly Semaglutide in Adults with Overweight or Obesity.&nbsp;<em>New England Journal of Medicine</em>. [3] Jastreboff, A. M., et al. (2022). Tirzepatide Once Weekly for the Treatment of Obesity.&nbsp;<em>New England Journal of Medicine</em>. [4] Superdrug Online Doctor. (2025).&nbsp;<em>Weight Loss Treatment Offers</em>. [5] Manufacturer's Patient Information Leaflet for Mounjaro/Wegovy. [6] Heise, T., et al. (2023). Tirzepatide Reduces Appetite, Energy Intake, and Fat Mass in People with Type 2 Diabetes.&nbsp;<em>Diabetes Care</em>. [7] NHS England. (2025).&nbsp;<em>Clinical Commissioning Policy: Weight Management Services</em>. [8] The Guardian. (2025).&nbsp;<em>NHS rolls out new 'game-changer' weight loss jab Mounjaro</em>. [9] NHS England. (2023).&nbsp;<em>Semaglutide for managing overweight and obesity</em>. [10] Veridian Clinic. (2024).&nbsp;<em>The No-BS Guide to Surviving Mounjaro</em>. [11] Provider websites (Boots, Asda, Superdrug, Numan). [12] Independent Pharmacy Price Data. (2025).</p>","A comprehensive guide comparing Mounjaro, Wegovy, and Saxenda. Find the best weight loss injection in the UK, compare costs, side effects, and NHS eligibility.","https://images.unsplash.com/photo-1576091160399-112ba8d25d1d?q=80&w=2070&auto=format&fit=crop","WeightLoss Injections Finder","2025-07-30","published","[""Guide"",""Comparison"",""Mounjaro"",""Wegovy"",""Saxenda"",""NHS"",""Weight Loss""]","Mounjaro vs Wegovy vs Saxenda: UK Weight Loss Injections Compared (2025)","In-depth guide comparing Mounjaro, Wegovy, and Saxenda. Find the best weight loss injection in the UK, compare costs, side effects, and NHS eligibility.","688e9176b0b70f9c002e3b38","2025-08-02T22:30:14.044000","2025-08-02T22:35:25.847000","6886aa4a7118eb838f680beb",""